Cluster,1,2,3,4
-1,0.0,0.0,0.0,0.6579401513028861
0,0.20284587747474334,0.18181247561406444,0.20744088238223757,0.2626089133470313
1,0.0,0.6267,0.0,0.0
