CLV Rank,First quarter,Second quarter,Third quarter,Fourth quarter
CLV1,0.23422684,0.276102754,0.373399599,0.317814762
CLV2,0.224004783,0.254536974,0.299673617,0.263424855
CLV3,0.204406773,0.180016156,0.186845237,0.191880765
CLV4,0.131927779,0.086130618,0.082168562,0.145639027
