quarter,-1,0,1
1,0.0,0.20284587747474334,0.0
2,0.0,0.18181247561406444,0.6267
3,0.0,0.20744088238223757,0.0
4,0.6579401513028861,0.2626089133470313,0.0
